[{"model": "admin.logentry", "pk": 1, "fields": {"action_time": "2023-10-02T14:38:17.332Z", "user": 1, "content_type": 4, "object_id": "3", "object_repr": "Петр_Первый", "action_flag": 2, "change_message": "[{\"changed\": {\"fields\": [\"Username\"]}}]"}}, {"model": "admin.logentry", "pk": 2, "fields": {"action_time": "2023-10-02T14:38:38.886Z", "user": 1, "content_type": 4, "object_id": "2", "object_repr": "Иван_Грозный", "action_flag": 2, "change_message": "[{\"changed\": {\"fields\": [\"Username\"]}}]"}}, {"model": "admin.logentry", "pk": 3, "fields": {"action_time": "2023-10-02T14:40:02.562Z", "user": 1, "content_type": 11, "object_id": "4", "object_repr": "В Москве стартовал конкурс по скоростному набору текста", "action_flag": 1, "change_message": "[{\"added\": {}}]"}}, {"model": "admin.logentry", "pk": 4, "fields": {"action_time": "2023-10-02T15:05:21.541Z", "user": 1, "content_type": 11, "object_id": "5", "object_repr": "В Морском центре имени Петра Великого стартуют образовательные программы для столичных школьников", "action_flag": 1, "change_message": "[{\"added\": {}}]"}}, {"model": "admin.logentry", "pk": 5, "fields": {"action_time": "2023-10-02T15:05:57.441Z", "user": 1, "content_type": 11, "object_id": "6", "object_repr": "В профессию со школьной скамьи: начался прием заявок на участие в детском чемпионате «Мастерята»", "action_flag": 1, "change_message": "[{\"added\": {}}]"}}, {"model": "admin.logentry", "pk": 6, "fields": {"action_time": "2023-10-02T15:06:39.134Z", "user": 1, "content_type": 11, "object_id": "7", "object_repr": "Учеников 5–11-х классов приглашают на отборочные этапы Московской олимпиады школьников", "action_flag": 1, "change_message": "[{\"added\": {}}]"}}, {"model": "admin.logentry", "pk": 7, "fields": {"action_time": "2023-10-02T15:07:21.546Z", "user": 1, "content_type": 11, "object_id": "8", "object_repr": "От практики до трудоустройства: студенты и выпускники столичных колледжей — о своих успехах", "action_flag": 1, "change_message": "[{\"added\": {}}]"}}, {"model": "admin.logentry", "pk": 8, "fields": {"action_time": "2023-10-02T15:07:59.762Z", "user": 1, "content_type": 11, "object_id": "9", "object_repr": "В столице пройдет Московский открытый фестиваль-номинация «Звездные дети»", "action_flag": 1, "change_message": "[{\"added\": {}}]"}}, {"model": "admin.logentry", "pk": 9, "fields": {"action_time": "2023-10-02T15:08:29.437Z", "user": 1, "content_type": 11, "object_id": "10", "object_repr": "Воспитатель из Москвы вошел в число 15 лучших в стране", "action_flag": 1, "change_message": "[{\"added\": {}}]"}}, {"model": "admin.logentry", "pk": 10, "fields": {"action_time": "2023-10-02T15:08:59.615Z", "user": 1, "content_type": 11, "object_id": "11", "object_repr": "Более 12 тысяч учащихся примут участие в новом сезоне Московской школьной киберспортивной лиги", "action_flag": 1, "change_message": "[{\"added\": {}}]"}}, {"model": "admin.logentry", "pk": 11, "fields": {"action_time": "2023-10-04T13:45:46.913Z", "user": 1, "content_type": 7, "object_id": "1", "object_repr": "127.0.0.1", "action_flag": 2, "change_message": "[{\"changed\": {\"fields\": [\"Domain name\"]}}]"}}, {"model": "admin.logentry", "pk": 12, "fields": {"action_time": "2023-10-04T14:06:13.580Z", "user": 1, "content_type": 17, "object_id": "1", "object_repr": "Google", "action_flag": 1, "change_message": "[{\"added\": {}}]"}}, {"model": "admin.logentry", "pk": 13, "fields": {"action_time": "2023-10-04T14:15:38.915Z", "user": 1, "content_type": 17, "object_id": "1", "object_repr": "Google", "action_flag": 2, "change_message": "[{\"changed\": {\"fields\": [\"Sites\"]}}]"}}, {"model": "admin.logentry", "pk": 14, "fields": {"action_time": "2023-10-04T15:09:39.164Z", "user": 1, "content_type": 3, "object_id": "1", "object_repr": "Common", "action_flag": 1, "change_message": "[{\"added\": {}}]"}}, {"model": "admin.logentry", "pk": 15, "fields": {"action_time": "2023-10-04T15:09:48.502Z", "user": 1, "content_type": 3, "object_id": "2", "object_repr": "Authors", "action_flag": 1, "change_message": "[{\"added\": {}}]"}}, {"model": "admin.logentry", "pk": 16, "fields": {"action_time": "2023-10-04T15:20:55.062Z", "user": 1, "content_type": 4, "object_id": "6", "object_repr": "test", "action_flag": 3, "change_message": ""}}, {"model": "admin.logentry", "pk": 17, "fields": {"action_time": "2023-10-04T15:21:13.407Z", "user": 1, "content_type": 4, "object_id": "5", "object_repr": "dm.rizhikov", "action_flag": 3, "change_message": ""}}, {"model": "admin.logentry", "pk": 18, "fields": {"action_time": "2023-10-04T15:39:43.149Z", "user": 1, "content_type": 4, "object_id": "1", "object_repr": "admin", "action_flag": 2, "change_message": "[{\"changed\": {\"fields\": [\"Groups\"]}}]"}}, {"model": "admin.logentry", "pk": 19, "fields": {"action_time": "2023-10-04T15:41:22.975Z", "user": 1, "content_type": 4, "object_id": "8", "object_repr": "test", "action_flag": 2, "change_message": "[{\"changed\": {\"fields\": [\"password\"]}}]"}}, {"model": "admin.logentry", "pk": 20, "fields": {"action_time": "2023-10-04T16:54:38.132Z", "user": 1, "content_type": 3, "object_id": "3", "object_repr": "common", "action_flag": 3, "change_message": ""}}, {"model": "admin.logentry", "pk": 21, "fields": {"action_time": "2023-10-04T17:07:58.317Z", "user": 1, "content_type": 3, "object_id": "2", "object_repr": "Authors", "action_flag": 2, "change_message": "[{\"changed\": {\"fields\": [\"Permissions\"]}}]"}}, {"model": "admin.logentry", "pk": 22, "fields": {"action_time": "2023-10-04T17:12:18.769Z", "user": 1, "content_type": 3, "object_id": "2", "object_repr": "Authors", "action_flag": 2, "change_message": "[{\"changed\": {\"fields\": [\"Permissions\"]}}]"}}, {"model": "admin.logentry", "pk": 23, "fields": {"action_time": "2023-10-04T17:33:02.934Z", "user": 1, "content_type": 3, "object_id": "2", "object_repr": "Authors", "action_flag": 2, "change_message": "[{\"changed\": {\"fields\": [\"Permissions\"]}}]"}}, {"model": "admin.logentry", "pk": 24, "fields": {"action_time": "2023-10-04T17:33:21.389Z", "user": 1, "content_type": 4, "object_id": "7", "object_repr": "dm.rizhikov", "action_flag": 3, "change_message": ""}}, {"model": "admin.logentry", "pk": 25, "fields": {"action_time": "2023-10-04T17:33:35.821Z", "user": 1, "content_type": 4, "object_id": "9", "object_repr": "test1", "action_flag": 3, "change_message": ""}}, {"model": "admin.logentry", "pk": 26, "fields": {"action_time": "2023-10-04T17:33:47.031Z", "user": 1, "content_type": 4, "object_id": "4", "object_repr": "julia", "action_flag": 2, "change_message": "[{\"changed\": {\"fields\": [\"Groups\"]}}]"}}, {"model": "admin.logentry", "pk": 27, "fields": {"action_time": "2023-10-04T17:35:39.653Z", "user": 1, "content_type": 4, "object_id": "4", "object_repr": "julia", "action_flag": 3, "change_message": ""}}, {"model": "admin.logentry", "pk": 28, "fields": {"action_time": "2023-10-05T19:17:23.594Z", "user": 1, "content_type": 4, "object_id": "12", "object_repr": "testtest", "action_flag": 2, "change_message": "[{\"changed\": {\"fields\": [\"Groups\"]}}]"}}, {"model": "admin.logentry", "pk": 29, "fields": {"action_time": "2023-10-05T19:18:46.256Z", "user": 1, "content_type": 4, "object_id": "12", "object_repr": "testtest", "action_flag": 2, "change_message": "[{\"changed\": {\"fields\": [\"Groups\"]}}]"}}, {"model": "admin.logentry", "pk": 30, "fields": {"action_time": "2023-10-06T15:50:17.625Z", "user": 1, "content_type": 4, "object_id": "14", "object_repr": "andromeda33", "action_flag": 3, "change_message": ""}}, {"model": "admin.logentry", "pk": 31, "fields": {"action_time": "2023-10-07T16:15:22.180Z", "user": 1, "content_type": 11, "object_id": "33", "object_repr": "Заголовок", "action_flag": 3, "change_message": ""}}, {"model": "admin.logentry", "pk": 32, "fields": {"action_time": "2023-10-07T16:15:22.386Z", "user": 1, "content_type": 11, "object_id": "32", "object_repr": "образование и IT", "action_flag": 3, "change_message": ""}}, {"model": "admin.logentry", "pk": 33, "fields": {"action_time": "2023-10-07T16:15:22.485Z", "user": 1, "content_type": 11, "object_id": "31", "object_repr": "Заголовок", "action_flag": 3, "change_message": ""}}, {"model": "admin.logentry", "pk": 34, "fields": {"action_time": "2023-10-07T16:15:22.583Z", "user": 1, "content_type": 11, "object_id": "30", "object_repr": "Заголовок", "action_flag": 3, "change_message": ""}}, {"model": "admin.logentry", "pk": 35, "fields": {"action_time": "2023-10-07T16:15:22.682Z", "user": 1, "content_type": 11, "object_id": "29", "object_repr": "Заголовок", "action_flag": 3, "change_message": ""}}, {"model": "admin.logentry", "pk": 36, "fields": {"action_time": "2023-10-07T16:15:58.249Z", "user": 1, "content_type": 11, "object_id": "50", "object_repr": "Заголовок", "action_flag": 3, "change_message": ""}}, {"model": "admin.logentry", "pk": 37, "fields": {"action_time": "2023-10-07T16:15:58.357Z", "user": 1, "content_type": 11, "object_id": "49", "object_repr": "Заголовок", "action_flag": 3, "change_message": ""}}, {"model": "admin.logentry", "pk": 38, "fields": {"action_time": "2023-10-07T16:15:58.467Z", "user": 1, "content_type": 11, "object_id": "48", "object_repr": "Заголовок", "action_flag": 3, "change_message": ""}}, {"model": "admin.logentry", "pk": 39, "fields": {"action_time": "2023-10-07T16:15:58.577Z", "user": 1, "content_type": 11, "object_id": "47", "object_repr": "Заголовок", "action_flag": 3, "change_message": ""}}, {"model": "admin.logentry", "pk": 40, "fields": {"action_time": "2023-10-07T16:15:58.686Z", "user": 1, "content_type": 11, "object_id": "46", "object_repr": "Заголовок", "action_flag": 3, "change_message": ""}}, {"model": "admin.logentry", "pk": 41, "fields": {"action_time": "2023-10-07T16:15:58.796Z", "user": 1, "content_type": 11, "object_id": "45", "object_repr": "Заголовок", "action_flag": 3, "change_message": ""}}, {"model": "admin.logentry", "pk": 42, "fields": {"action_time": "2023-10-07T16:15:58.955Z", "user": 1, "content_type": 11, "object_id": "44", "object_repr": "Заголовок", "action_flag": 3, "change_message": ""}}, {"model": "admin.logentry", "pk": 43, "fields": {"action_time": "2023-10-07T16:15:59.080Z", "user": 1, "content_type": 11, "object_id": "43", "object_repr": "Заголовок", "action_flag": 3, "change_message": ""}}, {"model": "admin.logentry", "pk": 44, "fields": {"action_time": "2023-10-07T16:15:59.314Z", "user": 1, "content_type": 11, "object_id": "42", "object_repr": "Заголовок", "action_flag": 3, "change_message": ""}}, {"model": "admin.logentry", "pk": 45, "fields": {"action_time": "2023-10-07T16:15:59.412Z", "user": 1, "content_type": 11, "object_id": "41", "object_repr": "Заголовок", "action_flag": 3, "change_message": ""}}, {"model": "admin.logentry", "pk": 46, "fields": {"action_time": "2023-10-07T16:15:59.511Z", "user": 1, "content_type": 11, "object_id": "36", "object_repr": "Заголовок", "action_flag": 3, "change_message": ""}}, {"model": "admin.logentry", "pk": 47, "fields": {"action_time": "2023-10-07T16:15:59.609Z", "user": 1, "content_type": 11, "object_id": "35", "object_repr": "Заголовок", "action_flag": 3, "change_message": ""}}, {"model": "admin.logentry", "pk": 48, "fields": {"action_time": "2023-10-07T16:15:59.708Z", "user": 1, "content_type": 11, "object_id": "34", "object_repr": "Заголовок", "action_flag": 3, "change_message": ""}}, {"model": "admin.logentry", "pk": 49, "fields": {"action_time": "2023-10-07T17:23:12.426Z", "user": 1, "content_type": 11, "object_id": "54", "object_repr": "Заголовок", "action_flag": 2, "change_message": "[{\"changed\": {\"fields\": [\"PostDateTime\"]}}]"}}, {"model": "admin.logentry", "pk": 50, "fields": {"action_time": "2023-10-07T18:47:33.222Z", "user": 1, "content_type": 19, "object_id": "9", "object_repr": "subscriber:andromeda33/category:Образование", "action_flag": 3, "change_message": ""}}, {"model": "admin.logentry", "pk": 51, "fields": {"action_time": "2023-10-07T18:48:40.142Z", "user": 1, "content_type": 4, "object_id": "2", "object_repr": "Иван_Грозный", "action_flag": 2, "change_message": "[{\"changed\": {\"fields\": [\"First name\", \"Last name\", \"Email address\"]}}]"}}, {"model": "admin.logentry", "pk": 52, "fields": {"action_time": "2023-10-07T18:49:15.148Z", "user": 1, "content_type": 4, "object_id": "3", "object_repr": "Петр_Первый", "action_flag": 2, "change_message": "[{\"changed\": {\"fields\": [\"First name\", \"Last name\", \"Email address\"]}}]"}}, {"model": "admin.logentry", "pk": 53, "fields": {"action_time": "2023-10-08T21:01:13.634Z", "user": 1, "content_type": 4, "object_id": "13", "object_repr": "hosh", "action_flag": 3, "change_message": ""}}, {"model": "admin.logentry", "pk": 54, "fields": {"action_time": "2023-10-09T11:02:53.682Z", "user": 1, "content_type": 11, "object_id": "11", "object_repr": "Более 12 тысяч учащихся примут участие в новом сезоне Московской школьной киберспортивной лиги-(11)", "action_flag": 2, "change_message": "[{\"changed\": {\"fields\": [\"PostDateTime\"]}}]"}}, {"model": "admin.logentry", "pk": 55, "fields": {"action_time": "2023-10-09T11:54:34.893Z", "user": 1, "content_type": 11, "object_id": "74", "object_repr": "Заголовок-(74)", "action_flag": 3, "change_message": ""}}, {"model": "admin.logentry", "pk": 56, "fields": {"action_time": "2023-10-09T11:54:34.985Z", "user": 1, "content_type": 11, "object_id": "73", "object_repr": "Заголовок-(73)", "action_flag": 3, "change_message": ""}}, {"model": "admin.logentry", "pk": 57, "fields": {"action_time": "2023-10-09T11:54:35.047Z", "user": 1, "content_type": 11, "object_id": "72", "object_repr": "Заголовок-(72)", "action_flag": 3, "change_message": ""}}, {"model": "admin.logentry", "pk": 58, "fields": {"action_time": "2023-10-09T11:54:35.119Z", "user": 1, "content_type": 11, "object_id": "71", "object_repr": "Заголовок-(71)", "action_flag": 3, "change_message": ""}}, {"model": "admin.logentry", "pk": 59, "fields": {"action_time": "2023-10-09T11:54:35.191Z", "user": 1, "content_type": 11, "object_id": "70", "object_repr": "Заголовок-(70)", "action_flag": 3, "change_message": ""}}, {"model": "admin.logentry", "pk": 60, "fields": {"action_time": "2023-10-09T11:54:35.263Z", "user": 1, "content_type": 11, "object_id": "69", "object_repr": "Заголовок-(69)", "action_flag": 3, "change_message": ""}}, {"model": "admin.logentry", "pk": 61, "fields": {"action_time": "2023-10-09T11:54:35.347Z", "user": 1, "content_type": 11, "object_id": "68", "object_repr": "Заголовок-(68)", "action_flag": 3, "change_message": ""}}, {"model": "admin.logentry", "pk": 62, "fields": {"action_time": "2023-10-09T11:54:35.431Z", "user": 1, "content_type": 11, "object_id": "59", "object_repr": "ляляля-(59)", "action_flag": 3, "change_message": ""}}, {"model": "admin.logentry", "pk": 63, "fields": {"action_time": "2023-10-09T11:54:35.491Z", "user": 1, "content_type": 11, "object_id": "56", "object_repr": "Заголовок-(56)", "action_flag": 3, "change_message": ""}}, {"model": "admin.logentry", "pk": 64, "fields": {"action_time": "2023-10-09T11:54:35.585Z", "user": 1, "content_type": 11, "object_id": "54", "object_repr": "Заголовок-(54)", "action_flag": 3, "change_message": ""}}, {"model": "admin.logentry", "pk": 65, "fields": {"action_time": "2023-10-09T11:54:35.768Z", "user": 1, "content_type": 11, "object_id": "52", "object_repr": "Заголовок-(52)", "action_flag": 3, "change_message": ""}}, {"model": "admin.logentry", "pk": 66, "fields": {"action_time": "2023-10-09T11:54:49.686Z", "user": 1, "content_type": 11, "object_id": "11", "object_repr": "Более 12 тысяч учащихся примут участие в новом сезоне Московской школьной киберспортивной лиги-(11)", "action_flag": 2, "change_message": "[{\"changed\": {\"fields\": [\"PostDateTime\"]}}]"}}, {"model": "admin.logentry", "pk": 67, "fields": {"action_time": "2023-10-09T11:55:00.685Z", "user": 1, "content_type": 11, "object_id": "10", "object_repr": "Воспитатель из Москвы вошел в число 15 лучших в стране-(10)", "action_flag": 2, "change_message": "[]"}}, {"model": "admin.logentry", "pk": 68, "fields": {"action_time": "2023-10-09T11:58:41.005Z", "user": 1, "content_type": 4, "object_id": "16", "object_repr": "hosh", "action_flag": 2, "change_message": "[{\"changed\": {\"fields\": [\"password\"]}}]"}}, {"model": "admin.logentry", "pk": 69, "fields": {"action_time": "2023-10-09T11:59:42.402Z", "user": 1, "content_type": 4, "object_id": "16", "object_repr": "hosh", "action_flag": 3, "change_message": ""}}, {"model": "admin.logentry", "pk": 70, "fields": {"action_time": "2023-10-09T12:20:43.042Z", "user": 1, "content_type": 4, "object_id": "15", "object_repr": "andromeda33", "action_flag": 3, "change_message": ""}}, {"model": "admin.logentry", "pk": 71, "fields": {"action_time": "2023-10-09T12:20:43.201Z", "user": 1, "content_type": 4, "object_id": "17", "object_repr": "hosh", "action_flag": 3, "change_message": ""}}, {"model": "auth.permission", "pk": 1, "fields": {"name": "Can add log entry", "content_type": 1, "codename": "add_logentry"}}, {"model": "auth.permission", "pk": 2, "fields": {"name": "Can change log entry", "content_type": 1, "codename": "change_logentry"}}, {"model": "auth.permission", "pk": 3, "fields": {"name": "Can delete log entry", "content_type": 1, "codename": "delete_logentry"}}, {"model": "auth.permission", "pk": 4, "fields": {"name": "Can view log entry", "content_type": 1, "codename": "view_logentry"}}, {"model": "auth.permission", "pk": 5, "fields": {"name": "Can add permission", "content_type": 2, "codename": "add_permission"}}, {"model": "auth.permission", "pk": 6, "fields": {"name": "Can change permission", "content_type": 2, "codename": "change_permission"}}, {"model": "auth.permission", "pk": 7, "fields": {"name": "Can delete permission", "content_type": 2, "codename": "delete_permission"}}, {"model": "auth.permission", "pk": 8, "fields": {"name": "Can view permission", "content_type": 2, "codename": "view_permission"}}, {"model": "auth.permission", "pk": 9, "fields": {"name": "Can add group", "content_type": 3, "codename": "add_group"}}, {"model": "auth.permission", "pk": 10, "fields": {"name": "Can change group", "content_type": 3, "codename": "change_group"}}, {"model": "auth.permission", "pk": 11, "fields": {"name": "Can delete group", "content_type": 3, "codename": "delete_group"}}, {"model": "auth.permission", "pk": 12, "fields": {"name": "Can view group", "content_type": 3, "codename": "view_group"}}, {"model": "auth.permission", "pk": 13, "fields": {"name": "Can add user", "content_type": 4, "codename": "add_user"}}, {"model": "auth.permission", "pk": 14, "fields": {"name": "Can change user", "content_type": 4, "codename": "change_user"}}, {"model": "auth.permission", "pk": 15, "fields": {"name": "Can delete user", "content_type": 4, "codename": "delete_user"}}, {"model": "auth.permission", "pk": 16, "fields": {"name": "Can view user", "content_type": 4, "codename": "view_user"}}, {"model": "auth.permission", "pk": 17, "fields": {"name": "Can add content type", "content_type": 5, "codename": "add_contenttype"}}, {"model": "auth.permission", "pk": 18, "fields": {"name": "Can change content type", "content_type": 5, "codename": "change_contenttype"}}, {"model": "auth.permission", "pk": 19, "fields": {"name": "Can delete content type", "content_type": 5, "codename": "delete_contenttype"}}, {"model": "auth.permission", "pk": 20, "fields": {"name": "Can view content type", "content_type": 5, "codename": "view_contenttype"}}, {"model": "auth.permission", "pk": 21, "fields": {"name": "Can add session", "content_type": 6, "codename": "add_session"}}, {"model": "auth.permission", "pk": 22, "fields": {"name": "Can change session", "content_type": 6, "codename": "change_session"}}, {"model": "auth.permission", "pk": 23, "fields": {"name": "Can delete session", "content_type": 6, "codename": "delete_session"}}, {"model": "auth.permission", "pk": 24, "fields": {"name": "Can view session", "content_type": 6, "codename": "view_session"}}, {"model": "auth.permission", "pk": 25, "fields": {"name": "Can add site", "content_type": 7, "codename": "add_site"}}, {"model": "auth.permission", "pk": 26, "fields": {"name": "Can change site", "content_type": 7, "codename": "change_site"}}, {"model": "auth.permission", "pk": 27, "fields": {"name": "Can delete site", "content_type": 7, "codename": "delete_site"}}, {"model": "auth.permission", "pk": 28, "fields": {"name": "Can view site", "content_type": 7, "codename": "view_site"}}, {"model": "auth.permission", "pk": 29, "fields": {"name": "Can add flat page", "content_type": 8, "codename": "add_flatpage"}}, {"model": "auth.permission", "pk": 30, "fields": {"name": "Can change flat page", "content_type": 8, "codename": "change_flatpage"}}, {"model": "auth.permission", "pk": 31, "fields": {"name": "Can delete flat page", "content_type": 8, "codename": "delete_flatpage"}}, {"model": "auth.permission", "pk": 32, "fields": {"name": "Can view flat page", "content_type": 8, "codename": "view_flatpage"}}, {"model": "auth.permission", "pk": 33, "fields": {"name": "Can add author", "content_type": 9, "codename": "add_author"}}, {"model": "auth.permission", "pk": 34, "fields": {"name": "Can change author", "content_type": 9, "codename": "change_author"}}, {"model": "auth.permission", "pk": 35, "fields": {"name": "Can delete author", "content_type": 9, "codename": "delete_author"}}, {"model": "auth.permission", "pk": 36, "fields": {"name": "Can view author", "content_type": 9, "codename": "view_author"}}, {"model": "auth.permission", "pk": 37, "fields": {"name": "Can add category", "content_type": 10, "codename": "add_category"}}, {"model": "auth.permission", "pk": 38, "fields": {"name": "Can change category", "content_type": 10, "codename": "change_category"}}, {"model": "auth.permission", "pk": 39, "fields": {"name": "Can delete category", "content_type": 10, "codename": "delete_category"}}, {"model": "auth.permission", "pk": 40, "fields": {"name": "Can view category", "content_type": 10, "codename": "view_category"}}, {"model": "auth.permission", "pk": 41, "fields": {"name": "Can add post", "content_type": 11, "codename": "add_post"}}, {"model": "auth.permission", "pk": 42, "fields": {"name": "Can change post", "content_type": 11, "codename": "change_post"}}, {"model": "auth.permission", "pk": 43, "fields": {"name": "Can delete post", "content_type": 11, "codename": "delete_post"}}, {"model": "auth.permission", "pk": 44, "fields": {"name": "Can view post", "content_type": 11, "codename": "view_post"}}, {"model": "auth.permission", "pk": 45, "fields": {"name": "Can add post category", "content_type": 12, "codename": "add_postcategory"}}, {"model": "auth.permission", "pk": 46, "fields": {"name": "Can change post category", "content_type": 12, "codename": "change_postcategory"}}, {"model": "auth.permission", "pk": 47, "fields": {"name": "Can delete post category", "content_type": 12, "codename": "delete_postcategory"}}, {"model": "auth.permission", "pk": 48, "fields": {"name": "Can view post category", "content_type": 12, "codename": "view_postcategory"}}, {"model": "auth.permission", "pk": 49, "fields": {"name": "Can add comment", "content_type": 13, "codename": "add_comment"}}, {"model": "auth.permission", "pk": 50, "fields": {"name": "Can change comment", "content_type": 13, "codename": "change_comment"}}, {"model": "auth.permission", "pk": 51, "fields": {"name": "Can delete comment", "content_type": 13, "codename": "delete_comment"}}, {"model": "auth.permission", "pk": 52, "fields": {"name": "Can view comment", "content_type": 13, "codename": "view_comment"}}, {"model": "auth.permission", "pk": 53, "fields": {"name": "Can add email address", "content_type": 14, "codename": "add_emailaddress"}}, {"model": "auth.permission", "pk": 54, "fields": {"name": "Can change email address", "content_type": 14, "codename": "change_emailaddress"}}, {"model": "auth.permission", "pk": 55, "fields": {"name": "Can delete email address", "content_type": 14, "codename": "delete_emailaddress"}}, {"model": "auth.permission", "pk": 56, "fields": {"name": "Can view email address", "content_type": 14, "codename": "view_emailaddress"}}, {"model": "auth.permission", "pk": 57, "fields": {"name": "Can add email confirmation", "content_type": 15, "codename": "add_emailconfirmation"}}, {"model": "auth.permission", "pk": 58, "fields": {"name": "Can change email confirmation", "content_type": 15, "codename": "change_emailconfirmation"}}, {"model": "auth.permission", "pk": 59, "fields": {"name": "Can delete email confirmation", "content_type": 15, "codename": "delete_emailconfirmation"}}, {"model": "auth.permission", "pk": 60, "fields": {"name": "Can view email confirmation", "content_type": 15, "codename": "view_emailconfirmation"}}, {"model": "auth.permission", "pk": 61, "fields": {"name": "Can add social account", "content_type": 16, "codename": "add_socialaccount"}}, {"model": "auth.permission", "pk": 62, "fields": {"name": "Can change social account", "content_type": 16, "codename": "change_socialaccount"}}, {"model": "auth.permission", "pk": 63, "fields": {"name": "Can delete social account", "content_type": 16, "codename": "delete_socialaccount"}}, {"model": "auth.permission", "pk": 64, "fields": {"name": "Can view social account", "content_type": 16, "codename": "view_socialaccount"}}, {"model": "auth.permission", "pk": 65, "fields": {"name": "Can add social application", "content_type": 17, "codename": "add_socialapp"}}, {"model": "auth.permission", "pk": 66, "fields": {"name": "Can change social application", "content_type": 17, "codename": "change_socialapp"}}, {"model": "auth.permission", "pk": 67, "fields": {"name": "Can delete social application", "content_type": 17, "codename": "delete_socialapp"}}, {"model": "auth.permission", "pk": 68, "fields": {"name": "Can view social application", "content_type": 17, "codename": "view_socialapp"}}, {"model": "auth.permission", "pk": 69, "fields": {"name": "Can add social application token", "content_type": 18, "codename": "add_socialtoken"}}, {"model": "auth.permission", "pk": 70, "fields": {"name": "Can change social application token", "content_type": 18, "codename": "change_socialtoken"}}, {"model": "auth.permission", "pk": 71, "fields": {"name": "Can delete social application token", "content_type": 18, "codename": "delete_socialtoken"}}, {"model": "auth.permission", "pk": 72, "fields": {"name": "Can view social application token", "content_type": 18, "codename": "view_socialtoken"}}, {"model": "auth.permission", "pk": 73, "fields": {"name": "Can add subscribers", "content_type": 19, "codename": "add_subscribers"}}, {"model": "auth.permission", "pk": 74, "fields": {"name": "Can change subscribers", "content_type": 19, "codename": "change_subscribers"}}, {"model": "auth.permission", "pk": 75, "fields": {"name": "Can delete subscribers", "content_type": 19, "codename": "delete_subscribers"}}, {"model": "auth.permission", "pk": 76, "fields": {"name": "Can view subscribers", "content_type": 19, "codename": "view_subscribers"}}, {"model": "auth.permission", "pk": 77, "fields": {"name": "Can add django job", "content_type": 20, "codename": "add_djangojob"}}, {"model": "auth.permission", "pk": 78, "fields": {"name": "Can change django job", "content_type": 20, "codename": "change_djangojob"}}, {"model": "auth.permission", "pk": 79, "fields": {"name": "Can delete django job", "content_type": 20, "codename": "delete_djangojob"}}, {"model": "auth.permission", "pk": 80, "fields": {"name": "Can view django job", "content_type": 20, "codename": "view_djangojob"}}, {"model": "auth.permission", "pk": 81, "fields": {"name": "Can add django job execution", "content_type": 21, "codename": "add_djangojobexecution"}}, {"model": "auth.permission", "pk": 82, "fields": {"name": "Can change django job execution", "content_type": 21, "codename": "change_djangojobexecution"}}, {"model": "auth.permission", "pk": 83, "fields": {"name": "Can delete django job execution", "content_type": 21, "codename": "delete_djangojobexecution"}}, {"model": "auth.permission", "pk": 84, "fields": {"name": "Can view django job execution", "content_type": 21, "codename": "view_djangojobexecution"}}, {"model": "auth.group", "pk": 1, "fields": {"name": "Common", "permissions": []}}, {"model": "auth.group", "pk": 2, "fields": {"name": "Authors", "permissions": [41, 42, 43]}}, {"model": "auth.user", "pk": 1, "fields": {"password": "pbkdf2_sha256$600000$MoMTDZeMDHqDkfDOT7xHUW$ddDoLl1mNwl6nI65KqJIcvh+6+yvTZTNAlVD6gFBlbA=", "last_login": "2023-10-09T12:20:01.717Z", "is_superuser": true, "username": "admin", "first_name": "", "last_name": "", "email": "admin@email.mail", "is_staff": true, "is_active": true, "date_joined": "2023-08-22T15:47:59Z", "groups": [1, 2], "user_permissions": []}}, {"model": "auth.user", "pk": 2, "fields": {"password": "!p1y5ySDmbpgpe8T0S25Cht36ir6Pkrq6zfJ9a9si", "last_login": null, "is_superuser": false, "username": "Иван_Грозный", "first_name": "Иван", "last_name": "Грозный", "email": "ivan.grozny@mail.ru", "is_staff": false, "is_active": true, "date_joined": "2023-08-22T16:06:21Z", "groups": [], "user_permissions": []}}, {"model": "auth.user", "pk": 3, "fields": {"password": "!KQGjEzfSWKnSlVkeLsNw8fmszAsFCyjtTvNpAiZ9", "last_login": null, "is_superuser": false, "username": "Петр_Первый", "first_name": "Пётр", "last_name": "Первый", "email": "petr_the_first@mail.ru", "is_staff": false, "is_active": true, "date_joined": "2023-08-22T16:06:51Z", "groups": [], "user_permissions": []}}, {"model": "auth.user", "pk": 8, "fields": {"password": "pbkdf2_sha256$600000$0LnaDu1ylK6MFpUTrJ5MCj$Vboy1xX7iHLfEX3ytFah0c2Zz5qqyR1tNLqIWr69XMg=", "last_login": "2023-10-04T15:23:18.675Z", "is_superuser": false, "username": "test", "first_name": "", "last_name": "", "email": "test@test.test", "is_staff": false, "is_active": true, "date_joined": "2023-10-04T15:23:17.679Z", "groups": [1], "user_permissions": []}}, {"model": "auth.user", "pk": 10, "fields": {"password": "pbkdf2_sha256$600000$MYiDKX95ARHKYwMfsriNYU$fbERzmncbXpKGaZEUS5VzKEavI4uhkvJe+rzjM1hN6I=", "last_login": "2023-10-05T15:08:14.683Z", "is_superuser": false, "username": "julia", "first_name": "", "last_name": "", "email": "julia@mail.ru", "is_staff": false, "is_active": true, "date_joined": "2023-10-04T17:37:08.643Z", "groups": [1, 2], "user_permissions": []}}, {"model": "auth.user", "pk": 11, "fields": {"password": "pbkdf2_sha256$600000$fIPGzZVMBumzDACmzGvllf$ya2DwXWFGkT29cggS/7ln0zgdRAuN7x3IX2xfokF6y8=", "last_login": "2023-10-06T19:43:41.996Z", "is_superuser": false, "username": "test3", "first_name": "", "last_name": "", "email": "test@mail.ru", "is_staff": false, "is_active": true, "date_joined": "2023-10-05T18:52:03.919Z", "groups": [1, 2], "user_permissions": []}}, {"model": "auth.user", "pk": 12, "fields": {"password": "pbkdf2_sha256$600000$8ANFeC6a0FeVhLXus95QhQ$9PiEnb1yJLxVQFhoszPJUKSk+Qo1Cymxa5zvflFdK2U=", "last_login": "2023-10-07T19:49:30.420Z", "is_superuser": false, "username": "testtest", "first_name": "", "last_name": "", "email": "testtest@mail.ru", "is_staff": false, "is_active": true, "date_joined": "2023-10-05T19:11:52Z", "groups": [1, 2], "user_permissions": []}}, {"model": "contenttypes.contenttype", "pk": 1, "fields": {"app_label": "admin", "model": "logentry"}}, {"model": "contenttypes.contenttype", "pk": 2, "fields": {"app_label": "auth", "model": "permission"}}, {"model": "contenttypes.contenttype", "pk": 3, "fields": {"app_label": "auth", "model": "group"}}, {"model": "contenttypes.contenttype", "pk": 4, "fields": {"app_label": "auth", "model": "user"}}, {"model": "contenttypes.contenttype", "pk": 5, "fields": {"app_label": "contenttypes", "model": "contenttype"}}, {"model": "contenttypes.contenttype", "pk": 6, "fields": {"app_label": "sessions", "model": "session"}}, {"model": "contenttypes.contenttype", "pk": 7, "fields": {"app_label": "sites", "model": "site"}}, {"model": "contenttypes.contenttype", "pk": 8, "fields": {"app_label": "flatpages", "model": "flatpage"}}, {"model": "contenttypes.contenttype", "pk": 9, "fields": {"app_label": "news", "model": "author"}}, {"model": "contenttypes.contenttype", "pk": 10, "fields": {"app_label": "news", "model": "category"}}, {"model": "contenttypes.contenttype", "pk": 11, "fields": {"app_label": "news", "model": "post"}}, {"model": "contenttypes.contenttype", "pk": 12, "fields": {"app_label": "news", "model": "postcategory"}}, {"model": "contenttypes.contenttype", "pk": 13, "fields": {"app_label": "news", "model": "comment"}}, {"model": "contenttypes.contenttype", "pk": 14, "fields": {"app_label": "account", "model": "emailaddress"}}, {"model": "contenttypes.contenttype", "pk": 15, "fields": {"app_label": "account", "model": "emailconfirmation"}}, {"model": "contenttypes.contenttype", "pk": 16, "fields": {"app_label": "socialaccount", "model": "socialaccount"}}, {"model": "contenttypes.contenttype", "pk": 17, "fields": {"app_label": "socialaccount", "model": "socialapp"}}, {"model": "contenttypes.contenttype", "pk": 18, "fields": {"app_label": "socialaccount", "model": "socialtoken"}}, {"model": "contenttypes.contenttype", "pk": 19, "fields": {"app_label": "news", "model": "subscribers"}}, {"model": "contenttypes.contenttype", "pk": 20, "fields": {"app_label": "django_apscheduler", "model": "djangojob"}}, {"model": "contenttypes.contenttype", "pk": 21, "fields": {"app_label": "django_apscheduler", "model": "djangojobexecution"}}, {"model": "sessions.session", "pk": "0jhmevw7ehc5fhhqb10aeo1d0j179iyz", "fields": {"session_data": ".eJxVjMsOwiAQRf-FtSFAebp07zeQYRikaiAp7cr479qkC93ec859sQjbWuM2aIlzZmcm2el3S4APajvId2i3zrG3dZkT3xV-0MGvPdPzcrh_BxVG_daFkkLr0QiTDAJ5Y5UuNKHxUqqsxCSdDdo4l4LGEqwnLCBBipAcFGDvD-WxOAc:1qjh1z:SdbUVTlh-qNhvGItT9T-v3FdbptVEeEOqsB6VNx2Jz4", "expire_date": "2023-10-06T14:21:19.567Z"}}, {"model": "sessions.session", "pk": "0z4lavh360a43qf3gkgqvkeln15jblc7", "fields": {"session_data": ".eJxVjMsOwiAQRf-FtSFAebp07zeQYRikaiAp7cr479qkC93ec859sQjbWuM2aIlzZmcm2el3S4APajvId2i3zrG3dZkT3xV-0MGvPdPzcrh_BxVG_daFkkLr0QiTDAJ5Y5UuNKHxUqqsxCSdDdo4l4LGEqwnLCBBipAcFGDvD-WxOAc:1qYTcG:_srP9-b061SF1QQARa6y5oasMgyix7Q4un9iUEjnJJA", "expire_date": "2023-09-05T15:48:24.892Z"}}, {"model": "sessions.session", "pk": "4ytykjsna8h47k4vxyz3scjy8ek5bqu7", "fields": {"session_data": ".eJxVjMsOwiAQRf-FtSFAebp07zeQYRikaiAp7cr479qkC93ec859sQjbWuM2aIlzZmcm2el3S4APajvId2i3zrG3dZkT3xV-0MGvPdPzcrh_BxVG_daFkkLr0QiTDAJ5Y5UuNKHxUqqsxCSdDdo4l4LGEqwnLCBBipAcFGDvD-WxOAc:1qo1qE:M1gLAYX6DKmdAdPX_16ZcuS6ARhrb92kg_3Q1FYIXeE", "expire_date": "2023-10-18T13:23:06.174Z"}}, {"model": "sessions.session", "pk": "e3ojxhg269ua1dam81df7dvmd617gbix", "fields": {"session_data": ".eJxVj80OgjAQhN-lZ0K2QP-46YuQdbuVxloTKV6M7y4Q1Hjcb3ZnZ54CiW5zLsOD7zFE9gNfMSbR5zml6qvOE99FL86iEgPOZdzAEP3CpP6HJ6QL51XBlFZc7yb1trPLU31YJs4lEpZ4y8f96s9qxGlcfLwJjfMU2AMbqVurlFPQdOBIBUInW9V27MkGi_bE7BryQFqRBCUDrPk-PfD3dKmKRfRSO22cddDUUncGwLze96FcuQ:1qpauE:1P8vepiJeEIlpEKGmuDv0o9_QLY0A3-comNMHy8OHqk", "expire_date": "2023-10-22T21:01:42.168Z"}}, {"model": "sessions.session", "pk": "ms4r5h4nnntlvz7efrw4d6aq1qn9gkkl", "fields": {"session_data": ".eJxVjMsOwiAQRf-FtSFAebp07zeQYRikaiAp7cr479qkC93ec859sQjbWuM2aIlzZmcm2el3S4APajvId2i3zrG3dZkT3xV-0MGvPdPzcrh_BxVG_daFkkLr0QiTDAJ5Y5UuNKHxUqqsxCSdDdo4l4LGEqwnLCBBipAcFGDvD-WxOAc:1qo2eT:CCJ-2qqaVoQllV6OwOXxgpKA3l56VLg9Pe06zq4KacI", "expire_date": "2023-10-18T14:15:01.444Z"}}, {"model": "sessions.session", "pk": "tu622nc0d1092zz237wmsqprpwcfrrfj", "fields": {"session_data": ".eJxVjkEOgyAQRe_CujGAMIC79iJkhDGSGm0EkzZN7140Ltrl_D_z5r2Zx62Mfsu0-hRZx4Rkl9-wx3CneW9wmva4wRCWbS7NsXPWubnWieaSApa0zLfz6g81Yh4rp-cCemm4ixIJbVDKGOs4xh4G6TBYgxYGJ6ElS8qBRa4Cj9pY0MEpUaGnwsE-n1L0WFgnwIFuW1Ci0cpVbjXIlHN18vR8pPXFOv75At5lUVA:1qoTtp:WL1Y0WeqYzY_Wh5opmccMPVlCoo8xeJoFq6FE7cjIIU", "expire_date": "2023-10-19T19:20:41.552Z"}}, {"model": "sessions.session", "pk": "u4by3972c4t3kbu43x6ud933spxpjk8i", "fields": {"session_data": ".eJxVjMsOwiAQRf-FtSFAebp07zeQYRikaiAp7cr479qkC93ec859sQjbWuM2aIlzZmcm2el3S4APajvId2i3zrG3dZkT3xV-0MGvPdPzcrh_BxVG_daFkkLr0QiTDAJ5Y5UuNKHxUqqsxCSdDdo4l4LGEqwnLCBBipAcFGDvD-WxOAc:1qppEv:wxKtlQjFT8CcGt2e1mkpdh6KSVhC159a7Fzb08eWgIw", "expire_date": "2023-10-23T12:20:01.791Z"}}, {"model": "sites.site", "pk": 1, "fields": {"domain": "127.0.0.1", "name": "example.com"}}, {"model": "account.emailaddress", "pk": 5, "fields": {"user": 8, "email": "test@test.test", "verified": false, "primary": true}}, {"model": "account.emailaddress", "pk": 7, "fields": {"user": 10, "email": "julia@mail.ru", "verified": false, "primary": true}}, {"model": "account.emailaddress", "pk": 8, "fields": {"user": 11, "email": "test@mail.ru", "verified": false, "primary": true}}, {"model": "account.emailaddress", "pk": 9, "fields": {"user": 12, "email": "testtest@mail.ru", "verified": false, "primary": true}}, {"model": "socialaccount.socialapp", "pk": 1, "fields": {"provider": "google", "provider_id": "", "name": "Google", "client_id": "305285833735-r0v7a6l86v66e2r9lijll326qhl0eqpo.apps.googleusercontent.com", "secret": "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", "key": "", "settings": {}, "sites": [1]}}, {"model": "django_apscheduler.djangojob", "pk": "delete_old_job_executions", "fields": {"next_run_time": "2023-10-16T00:10:00Z", "job_state": "gAWVUgQAAAAAAAB9lCiMB3ZlcnNpb26USwGMAmlklIwZZGVsZXRlX29sZF9qb2JfZXhlY3V0aW9uc5SMBGZ1bmOUjERuZXdzLm1hbmFnZW1lbnQuY29tbWFuZHMuc2VuZF93ZWVrbHlfbWFpbHM6ZGVsZXRlX29sZF9qb2JfZXhlY3V0aW9uc5SMB3RyaWdnZXKUjBlhcHNjaGVkdWxlci50cmlnZ2Vycy5jcm9ulIwLQ3JvblRyaWdnZXKUk5QpgZR9lChoAUsCjAh0aW1lem9uZZSMCGJ1aWx0aW5zlIwHZ2V0YXR0cpSTlIwIem9uZWluZm+UjAhab25lSW5mb5STlIwJX3VucGlja2xllIaUUpSMA1VUQ5RLAYaUUpSMCnN0YXJ0X2RhdGWUTowIZW5kX2RhdGWUTowGZmllbGRzlF2UKIwgYXBzY2hlZHVsZXIudHJpZ2dlcnMuY3Jvbi5maWVsZHOUjAlCYXNlRmllbGSUk5QpgZR9lCiMBG5hbWWUjAR5ZWFylIwKaXNfZGVmYXVsdJSIjAtleHByZXNzaW9uc5RdlIwlYXBzY2hlZHVsZXIudHJpZ2dlcnMuY3Jvbi5leHByZXNzaW9uc5SMDUFsbEV4cHJlc3Npb26Uk5QpgZR9lIwEc3RlcJROc2JhdWJoHYwKTW9udGhGaWVsZJSTlCmBlH2UKGgijAVtb250aJRoJIhoJV2UaCkpgZR9lGgsTnNiYXViaB2MD0RheU9mTW9udGhGaWVsZJSTlCmBlH2UKGgijANkYXmUaCSIaCVdlGgpKYGUfZRoLE5zYmF1YmgdjAlXZWVrRmllbGSUk5QpgZR9lChoIowEd2Vla5RoJIhoJV2UaCkpgZR9lGgsTnNiYXViaB2MDkRheU9mV2Vla0ZpZWxklJOUKYGUfZQoaCKMC2RheV9vZl93ZWVrlGgkiWglXZRoJ4wWV2Vla2RheVJhbmdlRXhwcmVzc2lvbpSTlCmBlH2UKGgsTowFZmlyc3SUSwCMBGxhc3SUSwB1YmF1YmgfKYGUfZQoaCKMBGhvdXKUaCSJaCVdlGgnjA9SYW5nZUV4cHJlc3Npb26Uk5QpgZR9lChoLE5oT0sAaFBLAHViYXViaB8pgZR9lChoIowGbWludXRllGgkiWglXZRoVimBlH2UKGgsTmhPSwpoUEsKdWJhdWJoHymBlH2UKGgijAZzZWNvbmSUaCSIaCVdlGhWKYGUfZQoaCxOaE9LAGhQSwB1YmF1YmWMBmppdHRlcpROdWKMCGV4ZWN1dG9ylIwHZGVmYXVsdJSMBGFyZ3OUKYwGa3dhcmdzlH2UaCJoA4wSbWlzZmlyZV9ncmFjZV90aW1llEsBjAhjb2FsZXNjZZSIjA1tYXhfaW5zdGFuY2VzlEsBjA1uZXh0X3J1bl90aW1llIwIZGF0ZXRpbWWUjAhkYXRldGltZZSTlEMKB+cKEAAKAAAAAJRoGIaUUpR1Lg=="}}, {"model": "django_apscheduler.djangojob", "pk": "my_job", "fields": {"next_run_time": "2023-10-09T12:01:20Z", "job_state": "gAWVzwMAAAAAAAB9lCiMB3ZlcnNpb26USwGMAmlklIwGbXlfam9ilIwEZnVuY5SMMW5ld3MubWFuYWdlbWVudC5jb21tYW5kcy5zZW5kX3dlZWtseV9tYWlsczpteV9qb2KUjAd0cmlnZ2VylIwZYXBzY2hlZHVsZXIudHJpZ2dlcnMuY3JvbpSMC0Nyb25UcmlnZ2VylJOUKYGUfZQoaAFLAowIdGltZXpvbmWUjAhidWlsdGluc5SMB2dldGF0dHKUk5SMCHpvbmVpbmZvlIwIWm9uZUluZm+Uk5SMCV91bnBpY2tsZZSGlFKUjANVVEOUSwGGlFKUjApzdGFydF9kYXRllE6MCGVuZF9kYXRllE6MBmZpZWxkc5RdlCiMIGFwc2NoZWR1bGVyLnRyaWdnZXJzLmNyb24uZmllbGRzlIwJQmFzZUZpZWxklJOUKYGUfZQojARuYW1llIwEeWVhcpSMCmlzX2RlZmF1bHSUiIwLZXhwcmVzc2lvbnOUXZSMJWFwc2NoZWR1bGVyLnRyaWdnZXJzLmNyb24uZXhwcmVzc2lvbnOUjA1BbGxFeHByZXNzaW9ulJOUKYGUfZSMBHN0ZXCUTnNiYXViaB2MCk1vbnRoRmllbGSUk5QpgZR9lChoIowFbW9udGiUaCSIaCVdlGgpKYGUfZRoLE5zYmF1YmgdjA9EYXlPZk1vbnRoRmllbGSUk5QpgZR9lChoIowDZGF5lGgkiGglXZRoKSmBlH2UaCxOc2JhdWJoHYwJV2Vla0ZpZWxklJOUKYGUfZQoaCKMBHdlZWuUaCSIaCVdlGgpKYGUfZRoLE5zYmF1YmgdjA5EYXlPZldlZWtGaWVsZJSTlCmBlH2UKGgijAtkYXlfb2Zfd2Vla5RoJIhoJV2UaCkpgZR9lGgsTnNiYXViaB8pgZR9lChoIowEaG91cpRoJIhoJV2UaCkpgZR9lGgsTnNiYXViaB8pgZR9lChoIowGbWludXRllGgkiGglXZRoKSmBlH2UaCxOc2JhdWJoHymBlH2UKGgijAZzZWNvbmSUaCSJaCVdlGgpKYGUfZRoLEsKc2JhdWJljAZqaXR0ZXKUTnVijAhleGVjdXRvcpSMB2RlZmF1bHSUjARhcmdzlCmMBmt3YXJnc5R9lGgiaAOMEm1pc2ZpcmVfZ3JhY2VfdGltZZRLAYwIY29hbGVzY2WUiIwNbWF4X2luc3RhbmNlc5RLAYwNbmV4dF9ydW5fdGltZZSMCGRhdGV0aW1llIwIZGF0ZXRpbWWUk5RDCgfnCgkMARQAAACUaBiGlFKUdS4="}}, {"model": "django_apscheduler.djangojobexecution", "pk": 1, "fields": {"job": "my_job", "status": "Error!", "run_time": "2023-10-08T21:46:20Z", "duration": "0.01", "finished": "1696801580.01", "exception": "local variable 'counter' referenced before assignment", "traceback": "  File \"/home/vasia/.local/lib/python3.10/site-packages/apscheduler/executors/base.py\", line 125, in run_job\n    retval = job.func(*job.args, **job.kwargs)\n  File \"/home/vasia/django/Django-d6/NewsPaper/news/management/commands/send_weekly_mails.py\", line 15, in my_job\n    print(f'job! {counter}')\n"}}, {"model": "django_apscheduler.djangojobexecution", "pk": 2, "fields": {"job": "my_job", "status": "Error!", "run_time": "2023-10-08T21:46:30Z", "duration": "0.00", "finished": "1696801590.00", "exception": "local variable 'counter' referenced before assignment", "traceback": "  File \"/home/vasia/.local/lib/python3.10/site-packages/apscheduler/executors/base.py\", line 125, in run_job\n    retval = job.func(*job.args, **job.kwargs)\n  File \"/home/vasia/django/Django-d6/NewsPaper/news/management/commands/send_weekly_mails.py\", line 15, in my_job\n    print(f'job! {counter}')\n"}}, {"model": "django_apscheduler.djangojobexecution", "pk": 3, "fields": {"job": "my_job", "status": "Executed", "run_time": "2023-10-08T21:47:40Z", "duration": "0.01", "finished": "1696801660.01", "exception": null, "traceback": null}}, {"model": "django_apscheduler.djangojobexecution", "pk": 4, "fields": {"job": "my_job", "status": "Executed", "run_time": "2023-10-08T21:47:50Z", "duration": "0.00", "finished": "1696801670.00", "exception": null, "traceback": null}}, {"model": "django_apscheduler.djangojobexecution", "pk": 5, "fields": {"job": "my_job", "status": "Executed", "run_time": "2023-10-09T10:41:00Z", "duration": "0.00", "finished": "1696848060.00", "exception": null, "traceback": null}}, {"model": "django_apscheduler.djangojobexecution", "pk": 6, "fields": {"job": "my_job", "status": "Executed", "run_time": "2023-10-09T10:41:50Z", "duration": "0.00", "finished": "1696848110.00", "exception": null, "traceback": null}}, {"model": "django_apscheduler.djangojobexecution", "pk": 7, "fields": {"job": "my_job", "status": "Executed", "run_time": "2023-10-09T10:42:00Z", "duration": "0.01", "finished": "1696848120.01", "exception": null, "traceback": null}}, {"model": "django_apscheduler.djangojobexecution", "pk": 8, "fields": {"job": "my_job", "status": "Executed", "run_time": "2023-10-09T10:42:10Z", "duration": "0.01", "finished": "1696848130.01", "exception": null, "traceback": null}}, {"model": "django_apscheduler.djangojobexecution", "pk": 9, "fields": {"job": "my_job", "status": "Executed", "run_time": "2023-10-09T10:42:20Z", "duration": "0.00", "finished": "1696848140.00", "exception": null, "traceback": null}}, {"model": "django_apscheduler.djangojobexecution", "pk": 10, "fields": {"job": "my_job", "status": "Error!", "run_time": "2023-10-09T10:42:50Z", "duration": "0.34", "finished": "1696848170.34", "exception": "unhashable type: 'dict'", "traceback": "  File \"/home/dmryg/WebstormProjects/django-d2/venv/lib/python3.10/site-packages/apscheduler/executors/base.py\", line 125, in run_job\n    retval = job.func(*job.args, **job.kwargs)\n  File \"/home/dmryg/WebstormProjects/django-d2/NewsPaper/news/management/commands/send_weekly_mails.py\", line 41, in my_job\n    cat_list = set(list(Subscribers.objects.all().values('category')))\n"}}, {"model": "django_apscheduler.djangojobexecution", "pk": 11, "fields": {"job": "my_job", "status": "Error!", "run_time": "2023-10-09T10:43:00Z", "duration": "0.01", "finished": "1696848180.01", "exception": "unhashable type: 'dict'", "traceback": "  File \"/home/dmryg/WebstormProjects/django-d2/venv/lib/python3.10/site-packages/apscheduler/executors/base.py\", line 125, in run_job\n    retval = job.func(*job.args, **job.kwargs)\n  File \"/home/dmryg/WebstormProjects/django-d2/NewsPaper/news/management/commands/send_weekly_mails.py\", line 41, in my_job\n    cat_list = set(list(Subscribers.objects.all().values('category')))\n"}}, {"model": "django_apscheduler.djangojobexecution", "pk": 12, "fields": {"job": "my_job", "status": "Executed", "run_time": "2023-10-09T10:44:57Z", "duration": "0.34", "finished": "1696848297.34", "exception": null, "traceback": null}}, {"model": "django_apscheduler.djangojobexecution", "pk": 13, "fields": {"job": "my_job", "status": "Executed", "run_time": "2023-10-09T10:44:58Z", "duration": "0.01", "finished": "1696848298.01", "exception": null, "traceback": null}}, {"model": "django_apscheduler.djangojobexecution", "pk": 14, "fields": {"job": "my_job", "status": "Executed", "run_time": "2023-10-09T10:44:59Z", "duration": "0.00", "finished": "1696848299.00", "exception": null, "traceback": null}}, {"model": "django_apscheduler.djangojobexecution", "pk": 15, "fields": {"job": "my_job", "status": "Executed", "run_time": "2023-10-09T10:45:00Z", "duration": "0.01", "finished": "1696848300.01", "exception": null, "traceback": null}}, {"model": "django_apscheduler.djangojobexecution", "pk": 16, "fields": {"job": "my_job", "status": "Executed", "run_time": "2023-10-09T10:45:01Z", "duration": "0.01", "finished": "1696848301.01", "exception": null, "traceback": null}}, {"model": "django_apscheduler.djangojobexecution", "pk": 17, "fields": {"job": "my_job", "status": "Executed", "run_time": "2023-10-09T10:45:02Z", "duration": "0.01", "finished": "1696848302.01", "exception": null, "traceback": null}}, {"model": "django_apscheduler.djangojobexecution", "pk": 18, "fields": {"job": "my_job", "status": "Error!", "run_time": "2023-10-09T10:50:32Z", "duration": "0.01", "finished": "1696848632.01", "exception": "QuerySet indices must be integers or slices, not str.", "traceback": "  File \"/home/dmryg/WebstormProjects/django-d2/venv/lib/python3.10/site-packages/apscheduler/executors/base.py\", line 125, in run_job\n    retval = job.func(*job.args, **job.kwargs)\n  File \"/home/dmryg/WebstormProjects/django-d2/NewsPaper/news/management/commands/send_weekly_mails.py\", line 41, in my_job\n    cat_list = list(Subscribers.objects.all().values('category')['category'])\n  File \"/home/dmryg/WebstormProjects/django-d2/venv/lib/python3.10/site-packages/django/db/models/query.py\", line 418, in __getitem__\n    raise TypeError(\n"}}, {"model": "django_apscheduler.djangojobexecution", "pk": 19, "fields": {"job": "my_job", "status": "Error!", "run_time": "2023-10-09T10:50:33Z", "duration": "0.01", "finished": "1696848633.01", "exception": "QuerySet indices must be integers or slices, not str.", "traceback": "  File \"/home/dmryg/WebstormProjects/django-d2/venv/lib/python3.10/site-packages/apscheduler/executors/base.py\", line 125, in run_job\n    retval = job.func(*job.args, **job.kwargs)\n  File \"/home/dmryg/WebstormProjects/django-d2/NewsPaper/news/management/commands/send_weekly_mails.py\", line 41, in my_job\n    cat_list = list(Subscribers.objects.all().values('category')['category'])\n  File \"/home/dmryg/WebstormProjects/django-d2/venv/lib/python3.10/site-packages/django/db/models/query.py\", line 418, in __getitem__\n    raise TypeError(\n"}}, {"model": "django_apscheduler.djangojobexecution", "pk": 20, "fields": {"job": "my_job", "status": "Error!", "run_time": "2023-10-09T10:50:34Z", "duration": "0.00", "finished": "1696848634.00", "exception": "QuerySet indices must be integers or slices, not str.", "traceback": "  File \"/home/dmryg/WebstormProjects/django-d2/venv/lib/python3.10/site-packages/apscheduler/executors/base.py\", line 125, in run_job\n    retval = job.func(*job.args, **job.kwargs)\n  File \"/home/dmryg/WebstormProjects/django-d2/NewsPaper/news/management/commands/send_weekly_mails.py\", line 41, in my_job\n    cat_list = list(Subscribers.objects.all().values('category')['category'])\n  File \"/home/dmryg/WebstormProjects/django-d2/venv/lib/python3.10/site-packages/django/db/models/query.py\", line 418, in __getitem__\n    raise TypeError(\n"}}, {"model": "django_apscheduler.djangojobexecution", "pk": 21, "fields": {"job": "my_job", "status": "Error!", "run_time": "2023-10-09T10:50:35Z", "duration": "0.01", "finished": "1696848635.01", "exception": "QuerySet indices must be integers or slices, not str.", "traceback": "  File \"/home/dmryg/WebstormProjects/django-d2/venv/lib/python3.10/site-packages/apscheduler/executors/base.py\", line 125, in run_job\n    retval = job.func(*job.args, **job.kwargs)\n  File \"/home/dmryg/WebstormProjects/django-d2/NewsPaper/news/management/commands/send_weekly_mails.py\", line 41, in my_job\n    cat_list = list(Subscribers.objects.all().values('category')['category'])\n  File \"/home/dmryg/WebstormProjects/django-d2/venv/lib/python3.10/site-packages/django/db/models/query.py\", line 418, in __getitem__\n    raise TypeError(\n"}}, {"model": "django_apscheduler.djangojobexecution", "pk": 22, "fields": {"job": "my_job", "status": "Executed", "run_time": "2023-10-09T10:51:30Z", "duration": "0.19", "finished": "1696848690.19", "exception": null, "traceback": null}}, {"model": "django_apscheduler.djangojobexecution", "pk": 23, "fields": {"job": "my_job", "status": "Executed", "run_time": "2023-10-09T10:51:31Z", "duration": "0.01", "finished": "1696848691.01", "exception": null, "traceback": null}}, {"model": "django_apscheduler.djangojobexecution", "pk": 24, "fields": {"job": "my_job", "status": "Executed", "run_time": "2023-10-09T10:51:32Z", "duration": "0.01", "finished": "1696848692.01", "exception": null, "traceback": null}}, {"model": "django_apscheduler.djangojobexecution", "pk": 25, "fields": {"job": "my_job", "status": "Executed", "run_time": "2023-10-09T10:53:25Z", "duration": "0.19", "finished": "1696848805.19", "exception": null, "traceback": null}}, {"model": "django_apscheduler.djangojobexecution", "pk": 26, "fields": {"job": "my_job", "status": "Executed", "run_time": "2023-10-09T10:53:26Z", "duration": "0.00", "finished": "1696848806.00", "exception": null, "traceback": null}}, {"model": "django_apscheduler.djangojobexecution", "pk": 27, "fields": {"job": "my_job", "status": "Executed", "run_time": "2023-10-09T10:53:27Z", "duration": "0.01", "finished": "1696848807.01", "exception": null, "traceback": null}}, {"model": "django_apscheduler.djangojobexecution", "pk": 28, "fields": {"job": "my_job", "status": "Executed", "run_time": "2023-10-09T10:54:36Z", "duration": "0.19", "finished": "1696848876.19", "exception": null, "traceback": null}}, {"model": "django_apscheduler.djangojobexecution", "pk": 29, "fields": {"job": "my_job", "status": "Executed", "run_time": "2023-10-09T10:54:37Z", "duration": "0.01", "finished": "1696848877.01", "exception": null, "traceback": null}}, {"model": "django_apscheduler.djangojobexecution", "pk": 30, "fields": {"job": "my_job", "status": "Executed", "run_time": "2023-10-09T10:54:38Z", "duration": "0.01", "finished": "1696848878.01", "exception": null, "traceback": null}}, {"model": "django_apscheduler.djangojobexecution", "pk": 31, "fields": {"job": "my_job", "status": "Executed", "run_time": "2023-10-09T10:54:39Z", "duration": "0.01", "finished": "1696848879.01", "exception": null, "traceback": null}}, {"model": "django_apscheduler.djangojobexecution", "pk": 32, "fields": {"job": "my_job", "status": "Executed", "run_time": "2023-10-09T10:54:40Z", "duration": "0.01", "finished": "1696848880.01", "exception": null, "traceback": null}}, {"model": "django_apscheduler.djangojobexecution", "pk": 33, "fields": {"job": "my_job", "status": "Executed", "run_time": "2023-10-09T10:54:41Z", "duration": "0.01", "finished": "1696848881.01", "exception": null, "traceback": null}}, {"model": "django_apscheduler.djangojobexecution", "pk": 34, "fields": {"job": "my_job", "status": "Executed", "run_time": "2023-10-09T10:54:42Z", "duration": "0.01", "finished": "1696848882.01", "exception": null, "traceback": null}}, {"model": "django_apscheduler.djangojobexecution", "pk": 35, "fields": {"job": "my_job", "status": "Executed", "run_time": "2023-10-09T11:00:58Z", "duration": "0.49", "finished": "1696849258.49", "exception": null, "traceback": null}}, {"model": "django_apscheduler.djangojobexecution", "pk": 36, "fields": {"job": "my_job", "status": "Executed", "run_time": "2023-10-09T11:00:59Z", "duration": "0.19", "finished": "1696849259.19", "exception": null, "traceback": null}}, {"model": "django_apscheduler.djangojobexecution", "pk": 37, "fields": {"job": "my_job", "status": "Executed", "run_time": "2023-10-09T11:01:57Z", "duration": "0.25", "finished": "1696849317.25", "exception": null, "traceback": null}}, {"model": "django_apscheduler.djangojobexecution", "pk": 38, "fields": {"job": "my_job", "status": "Executed", "run_time": "2023-10-09T11:01:58Z", "duration": "0.16", "finished": "1696849318.16", "exception": null, "traceback": null}}, {"model": "django_apscheduler.djangojobexecution", "pk": 39, "fields": {"job": "my_job", "status": "Executed", "run_time": "2023-10-09T11:03:09Z", "duration": "0.19", "finished": "1696849389.19", "exception": null, "traceback": null}}, {"model": "django_apscheduler.djangojobexecution", "pk": 40, "fields": {"job": "my_job", "status": "Executed", "run_time": "2023-10-09T11:03:10Z", "duration": "0.20", "finished": "1696849390.20", "exception": null, "traceback": null}}, {"model": "django_apscheduler.djangojobexecution", "pk": 41, "fields": {"job": "my_job", "status": "Executed", "run_time": "2023-10-09T11:14:58Z", "duration": "0.28", "finished": "1696850098.28", "exception": null, "traceback": null}}, {"model": "django_apscheduler.djangojobexecution", "pk": 42, "fields": {"job": "my_job", "status": "Executed", "run_time": "2023-10-09T11:14:59Z", "duration": "0.20", "finished": "1696850099.20", "exception": null, "traceback": null}}, {"model": "django_apscheduler.djangojobexecution", "pk": 43, "fields": {"job": "my_job", "status": "Executed", "run_time": "2023-10-09T11:16:07Z", "duration": "0.20", "finished": "1696850167.20", "exception": null, "traceback": null}}, {"model": "django_apscheduler.djangojobexecution", "pk": 44, "fields": {"job": "my_job", "status": "Executed", "run_time": "2023-10-09T11:16:08Z", "duration": "0.12", "finished": "1696850168.12", "exception": null, "traceback": null}}, {"model": "django_apscheduler.djangojobexecution", "pk": 45, "fields": {"job": "my_job", "status": "Executed", "run_time": "2023-10-09T11:16:09Z", "duration": "0.20", "finished": "1696850169.20", "exception": null, "traceback": null}}, {"model": "django_apscheduler.djangojobexecution", "pk": 46, "fields": {"job": "my_job", "status": "Executed", "run_time": "2023-10-09T11:18:08Z", "duration": "0.20", "finished": "1696850288.20", "exception": null, "traceback": null}}, {"model": "django_apscheduler.djangojobexecution", "pk": 47, "fields": {"job": "my_job", "status": "Executed", "run_time": "2023-10-09T11:18:09Z", "duration": "0.19", "finished": "1696850289.19", "exception": null, "traceback": null}}, {"model": "django_apscheduler.djangojobexecution", "pk": 48, "fields": {"job": "my_job", "status": "Error!", "run_time": "2023-10-09T11:47:30Z", "duration": "0.20", "finished": "1696852050.20", "exception": "'builtin_function_or_method' object is not iterable", "traceback": "  File \"/home/dmryg/WebstormProjects/django-d2/venv/lib/python3.10/site-packages/apscheduler/executors/base.py\", line 125, in run_job\n    retval = job.func(*job.args, **job.kwargs)\n  File \"/home/dmryg/WebstormProjects/django-d2/NewsPaper/news/management/commands/send_weekly_mails.py\", line 62, in my_job\n    send_email(subscribers_dict, week_posts, category_name)\n  File \"/home/dmryg/WebstormProjects/django-d2/NewsPaper/news/management/commands/send_weekly_mails.py\", line 22, in send_email\n    for item in subscribers.items:\n"}}, {"model": "django_apscheduler.djangojobexecution", "pk": 49, "fields": {"job": "my_job", "status": "Error!", "run_time": "2023-10-09T11:49:10Z", "duration": "0.20", "finished": "1696852150.20", "exception": "name 'render_to_string' is not defined", "traceback": "  File \"/home/dmryg/WebstormProjects/django-d2/venv/lib/python3.10/site-packages/apscheduler/executors/base.py\", line 125, in run_job\n    retval = job.func(*job.args, **job.kwargs)\n  File \"/home/dmryg/WebstormProjects/django-d2/NewsPaper/news/management/commands/send_weekly_mails.py\", line 62, in my_job\n    send_email(subscribers_dict, week_posts, category_name)\n  File \"/home/dmryg/WebstormProjects/django-d2/NewsPaper/news/management/commands/send_weekly_mails.py\", line 23, in send_email\n    html_content = render_to_string(\n"}}, {"model": "django_apscheduler.djangojobexecution", "pk": 50, "fields": {"job": "my_job", "status": "Error!", "run_time": "2023-10-09T11:50:10Z", "duration": "0.24", "finished": "1696852210.24", "exception": "Could not parse the remainder: '+post.id' from 'url+post.id'", "traceback": "  File \"/home/dmryg/WebstormProjects/django-d2/venv/lib/python3.10/site-packages/apscheduler/executors/base.py\", line 125, in run_job\n    retval = job.func(*job.args, **job.kwargs)\n  File \"/home/dmryg/WebstormProjects/django-d2/NewsPaper/news/management/commands/send_weekly_mails.py\", line 62, in my_job\n    send_email(subscribers_dict, week_posts, category_name)\n  File \"/home/dmryg/WebstormProjects/django-d2/NewsPaper/news/management/commands/send_weekly_mails.py\", line 23, in send_email\n    html_content = render_to_string(\n  File \"/home/dmryg/WebstormProjects/django-d2/venv/lib/python3.10/site-packages/django/template/loader.py\", line 61, in render_to_string\n    template = get_template(template_name, using=using)\n  File \"/home/dmryg/WebstormProjects/django-d2/venv/lib/python3.10/site-packages/django/template/loader.py\", line 15, in get_template\n    return engine.get_template(template_name)\n  File \"/home/dmryg/WebstormProjects/django-d2/venv/lib/python3.10/site-packages/django/template/backends/django.py\", line 33, in get_template\n    return Template(self.engine.get_template(template_name), self)\n  File \"/home/dmryg/WebstormProjects/django-d2/venv/lib/python3.10/site-packages/django/template/engine.py\", line 175, in get_template\n    template, origin = self.find_template(template_name)\n  File \"/home/dmryg/WebstormProjects/django-d2/venv/lib/python3.10/site-packages/django/template/engine.py\", line 157, in find_template\n    template = loader.get_template(name, skip=skip)\n  File \"/home/dmryg/WebstormProjects/django-d2/venv/lib/python3.10/site-packages/django/template/loaders/cached.py\", line 57, in get_template\n    template = super().get_template(template_name, skip)\n  File \"/home/dmryg/WebstormProjects/django-d2/venv/lib/python3.10/site-packages/django/template/loaders/base.py\", line 28, in get_template\n    return Template(\n  File \"/home/dmryg/WebstormProjects/django-d2/venv/lib/python3.10/site-packages/django/template/base.py\", line 154, in __init__\n    self.nodelist = self.compile_nodelist()\n  File \"/home/dmryg/WebstormProjects/django-d2/venv/lib/python3.10/site-packages/django/template/base.py\", line 200, in compile_nodelist\n    return parser.parse()\n  File \"/home/dmryg/WebstormProjects/django-d2/venv/lib/python3.10/site-packages/django/template/base.py\", line 513, in parse\n    raise self.error(token, e)\n  File \"/home/dmryg/WebstormProjects/django-d2/venv/lib/python3.10/site-packages/django/template/base.py\", line 511, in parse\n    compiled_result = compile_func(self, token)\n  File \"/home/dmryg/WebstormProjects/django-d2/venv/lib/python3.10/site-packages/django/template/defaulttags.py\", line 953, in do_if\n    nodelist = parser.parse((\"elif\", \"else\", \"endif\"))\n  File \"/home/dmryg/WebstormProjects/django-d2/venv/lib/python3.10/site-packages/django/template/base.py\", line 513, in parse\n    raise self.error(token, e)\n  File \"/home/dmryg/WebstormProjects/django-d2/venv/lib/python3.10/site-packages/django/template/base.py\", line 511, in parse\n    compiled_result = compile_func(self, token)\n  File \"/home/dmryg/WebstormProjects/django-d2/venv/lib/python3.10/site-packages/django/template/defaulttags.py\", line 853, in do_for\n    nodelist_loop = parser.parse(\n  File \"/home/dmryg/WebstormProjects/django-d2/venv/lib/python3.10/site-packages/django/template/base.py\", line 484, in parse\n    raise self.error(token, e)\n  File \"/home/dmryg/WebstormProjects/django-d2/venv/lib/python3.10/site-packages/django/template/base.py\", line 482, in parse\n    filter_expression = self.compile_filter(token.contents)\n  File \"/home/dmryg/WebstormProjects/django-d2/venv/lib/python3.10/site-packages/django/template/base.py\", line 600, in compile_filter\n    return FilterExpression(token, self)\n  File \"/home/dmryg/WebstormProjects/django-d2/venv/lib/python3.10/site-packages/django/template/base.py\", line 703, in __init__\n    raise TemplateSyntaxError(\n"}}, {"model": "django_apscheduler.djangojobexecution", "pk": 51, "fields": {"job": "my_job", "status": "Executed", "run_time": "2023-10-09T11:51:50Z", "duration": "0.22", "finished": "1696852310.22", "exception": null, "traceback": null}}, {"model": "django_apscheduler.djangojobexecution", "pk": 52, "fields": {"job": "my_job", "status": "Executed", "run_time": "2023-10-09T11:53:00Z", "duration": "0.41", "finished": "1696852380.41", "exception": null, "traceback": null}}, {"model": "django_apscheduler.djangojobexecution", "pk": 53, "fields": {"job": "my_job", "status": "Executed", "run_time": "2023-10-09T11:55:50Z", "duration": "4.21", "finished": "1696852554.21", "exception": null, "traceback": null}}, {"model": "django_apscheduler.djangojobexecution", "pk": 54, "fields": {"job": "my_job", "status": "Executed", "run_time": "2023-10-09T12:01:10Z", "duration": "5.71", "finished": "1696852875.71", "exception": null, "traceback": null}}, {"model": "news.author", "pk": 1, "fields": {"userModel": 2, "userRate": 6}}, {"model": "news.author", "pk": 2, "fields": {"userModel": 3, "userRate": 14}}, {"model": "news.author", "pk": 3, "fields": {"userModel": 12, "userRate": 0}}, {"model": "news.category", "pk": 1, "fields": {"categoryName": "Образование"}}, {"model": "news.category", "pk": 2, "fields": {"categoryName": "IT"}}, {"model": "news.category", "pk": 3, "fields": {"categoryName": "Технологии"}}, {"model": "news.category", "pk": 4, "fields": {"categoryName": "Робототехника"}}, {"model": "news.post", "pk": 1, "fields": {"postAuthor": 1, "postType": "N", "postDateTime": "2023-08-22T16:06:55.957Z", "postTitle": "«Лаборатория безопасности»: как юные москвичи изучают правила дорожного движения летом", "postBody": "В дни летних каникул столичные школьники знакомятся с правилами дорожного движения.  О том, как управлять транспортными средствами и избегать происшествий, они узнают на занятиях «Лаборатории безопасности».  Дети посещают интерактивные уроки, организованные в мобильном автогородке, который доставляют в образовательные организации.  Сотрудники Госавтоинспекции ведут с учащимися профилактические беседы и дают им пользоваться специальными техническими средствами  дорожно-патрульной службы.", "postRate": 1}}, {"model": "news.post", "pk": 2, "fields": {"postAuthor": 2, "postType": "A", "postDateTime": "2023-08-22T16:06:56.055Z", "postTitle": "Квантовые вычисления", "postBody": "Квантовые вычисления представляют собой новую парадигму в области информационных технологий, основанную на принципах квантовой механики. В отличие от классических вычислений, которые основаны на использовании двоичной системы счисления  и логических операций над битами (единицами и нулями), квантовые вычисления оперируют с квантовыми системами и используют кубиты, которые могут находиться в состоянии суперпозиции и обладать квантовой взаимосвязью между собой — квантовой запутанностью.", "postRate": 2}}, {"model": "news.post", "pk": 3, "fields": {"postAuthor": 2, "postType": "A", "postDateTime": "2023-08-22T16:06:56.153Z", "postTitle": "Рука об руку с человеком", "postBody": "Гуманоидные роботы — это человекоподобные роботы, которые, как правило, имеют две руки, две ноги и определенной формы голову. Но, в отличие от андроидов, они необязательно должны полностью копировать внешность человека. Хотя, безусловно, некоторые гуманоидные роботы имеют лицо, у них проработана мимика, и они умеют имитировать человеческие эмоции. Кстати, в прошлом году миру представили гуманоидного робота Ameca, который демонстрирует эмоции с пугающей правдоподобностью.  Создатели не раскрывают секрета успеха, но некоторые уверены в том, что они использовали технологию захвата движений. В первую очередь роботов используют для тестирования и разнообразных исследований. Благодаря высокому сходству с человеком, роботы могут быть наглядными пособиями для изучения разных функций.  Например, японские ученые создали робота Кенгоро, мышцы которого имитируют человеческие.", "postRate": 3}}, {"model": "news.post", "pk": 4, "fields": {"postAuthor": 1, "postType": "N", "postDateTime": "2023-10-02T14:39:03Z", "postTitle": "В Москве стартовал конкурс по скоростному набору текста", "postBody": "В нем могут принять участие школьники, студенты колледжей, их родители и педагоги.", "postRate": 0}}, {"model": "news.post", "pk": 5, "fields": {"postAuthor": 1, "postType": "N", "postDateTime": "2023-10-02T15:04:46Z", "postTitle": "В Морском центре имени Петра Великого стартуют образовательные программы для столичных школьников", "postBody": "Юные москвичи в возрасте от семи до 18 лет могут освоить 20 программ морской направленности, стать участниками регат и получить спортивные разряды.", "postRate": 0}}, {"model": "news.post", "pk": 6, "fields": {"postAuthor": 1, "postType": "N", "postDateTime": "2023-10-02T15:05:24Z", "postTitle": "В профессию со школьной скамьи: начался прием заявок на участие в детском чемпионате «Мастерята»", "postBody": "Образовательные организации могут подать их до 31 октября.", "postRate": 0}}, {"model": "news.post", "pk": 7, "fields": {"postAuthor": 1, "postType": "N", "postDateTime": "2023-10-02T15:06:23Z", "postTitle": "Учеников 5–11-х классов приглашают на отборочные этапы Московской олимпиады школьников", "postBody": "Победители и призеры смогут получить льготы при поступлении в ведущие столичные вузы.", "postRate": 0}}, {"model": "news.post", "pk": 8, "fields": {"postAuthor": 1, "postType": "N", "postDateTime": "2023-10-02T15:06:56Z", "postTitle": "От практики до трудоустройства: студенты и выпускники столичных колледжей — о своих успехах", "postBody": "Как совмещать работу и учебу, пройти практику в крупных городских компаниях и продвинуться по карьерной лестнице, будучи студентом", "postRate": 0}}, {"model": "news.post", "pk": 9, "fields": {"postAuthor": 1, "postType": "N", "postDateTime": "2023-10-02T15:07:43Z", "postTitle": "В столице пройдет Московский открытый фестиваль-номинация «Звездные дети»", "postBody": "Представить свои таланты смогут юные актеры, спортсмены, танцоры, музыканты и представители циркового жанра.", "postRate": 0}}, {"model": "news.post", "pk": 10, "fields": {"postAuthor": 1, "postType": "N", "postDateTime": "2023-10-02T15:08:16Z", "postTitle": "Воспитатель из Москвы вошел в число 15 лучших в стране", "postBody": "Он стал лауреатом конкурса «Воспитатель года России — 2023».", "postRate": 0}}, {"model": "news.post", "pk": 11, "fields": {"postAuthor": 2, "postType": "N", "postDateTime": "2023-10-03T15:08:33Z", "postTitle": "Более 12 тысяч учащихся примут участие в новом сезоне Московской школьной киберспортивной лиги", "postBody": "Дети продемонстрируют свое мастерство в 14 киберспортивных дисциплинах.", "postRate": 0}}, {"model": "news.post", "pk": 14, "fields": {"postAuthor": 2, "postType": "N", "postDateTime": "2023-10-02T17:10:06.316Z", "postTitle": "Рассказываем школьникам о востребованных профессиях в IT и digital", "postBody": "27 октября пройдёт ежегодная всероссийская профориентационная акция «День IT-знаний». В этом году она будет посвящена старту карьеры молодежи в IT и digital-сфере. \r\n\r\nУчастников акции ждут два формата — очные уроки в школах с участием экспертов VK и индустрии, а также шестичасовой онлайн-марафон. Амбассадоры и сотрудники VK расскажут школьникам 8-11 классов о самых актуальных IT- и digital-направлениях — от разработки и машинного обучения до развития продукта и креативных индустрий.", "postRate": 0}}, {"model": "news.post", "pk": 15, "fields": {"postAuthor": 2, "postType": "N", "postDateTime": "2023-10-02T17:50:34.375Z", "postTitle": "VK проведёт акцию «День IT‑знаний»", "postBody": "VK при поддержке российского общества «Знание», национального проекта «Цифровая экономика» и Министерства просвещения РФ 27 октября 2023 года проведёт всероссийскую профориентационную акцию «День IT‑знаний». В рамках акции молодёжи расскажут о карьере в IT и digital‑сферах. По словам организаторов, эксперты компании VK и всей IT‑индустрии расскажут школьникам 8–11 классов, какие профессии востребованы в индустрии технологий и как стать частью IT и digital‑сфер. «День IT‑знаний» пройдёт в формате очных уроков в школах и в формате онлайн‑марафона на 6 часов, рассказали информационной службе в пресс‑службе IT‑компании.\r\n\r\nВ ходе «Дня IT‑знаний» специалисты из IT‑сферы расскажут старшеклассникам об актуальных IT и digital‑направлениях — от разработки и машинного обучения до развития продукта и креативных индустрий. Школьники узнают, как построить карьеру в сфере цифровых технологий, о навыках, требующихся для старта и многом другом.", "postRate": 0}}, {"model": "news.post", "pk": 76, "fields": {"postAuthor": 3, "postType": "N", "postDateTime": "2023-10-08T20:45:49.004Z", "postTitle": "образование без понимания", "postBody": "Айти образование понимание -ощущение -восприятие-реализация", "postRate": 0}}, {"model": "news.subscribers", "pk": 1, "fields": {"subscriber": 12, "category": 1}}, {"model": "news.subscribers", "pk": 2, "fields": {"subscriber": 12, "category": 2}}, {"model": "news.subscribers", "pk": 3, "fields": {"subscriber": 10, "category": 1}}, {"model": "news.subscribers", "pk": 4, "fields": {"subscriber": 10, "category": 3}}, {"model": "news.postcategory", "pk": 1, "fields": {"post": 1, "category": 1}}, {"model": "news.postcategory", "pk": 2, "fields": {"post": 2, "category": 3}}, {"model": "news.postcategory", "pk": 3, "fields": {"post": 3, "category": 4}}, {"model": "news.postcategory", "pk": 4, "fields": {"post": 3, "category": 2}}, {"model": "news.postcategory", "pk": 7, "fields": {"post": 14, "category": 1}}, {"model": "news.postcategory", "pk": 8, "fields": {"post": 14, "category": 2}}, {"model": "news.postcategory", "pk": 9, "fields": {"post": 11, "category": 2}}, {"model": "news.postcategory", "pk": 10, "fields": {"post": 11, "category": 3}}, {"model": "news.postcategory", "pk": 11, "fields": {"post": 15, "category": 1}}, {"model": "news.postcategory", "pk": 12, "fields": {"post": 15, "category": 2}}, {"model": "news.postcategory", "pk": 21, "fields": {"post": 9, "category": 1}}, {"model": "news.postcategory", "pk": 22, "fields": {"post": 11, "category": 1}}, {"model": "news.postcategory", "pk": 111, "fields": {"post": 10, "category": 1}}, {"model": "news.postcategory", "pk": 134, "fields": {"post": 76, "category": 1}}, {"model": "news.postcategory", "pk": 135, "fields": {"post": 76, "category": 2}}, {"model": "news.comment", "pk": 1, "fields": {"toPost": 1, "fromUser": 3, "commentDateTime": "2023-08-22T16:06:56.603Z", "commentBody": "Коллега, напишите лучше про роботов! Роботы должны управлять транспортом, тогда дорожное движение станет безопаснее.", "commentRate": -1}}, {"model": "news.comment", "pk": 2, "fields": {"toPost": 1, "fromUser": 2, "commentDateTime": "2023-08-22T16:06:56.686Z", "commentBody": "Коллега, я в ваших роботах не разбираюсь. Если Вы так хотите, напишите сами.", "commentRate": 1}}, {"model": "news.comment", "pk": 3, "fields": {"toPost": 2, "fromUser": 2, "commentDateTime": "2023-08-22T16:06:56.769Z", "commentBody": "я запутался, какая запутанность лучше - квантовая или логическая?", "commentRate": 1}}, {"model": "news.comment", "pk": 4, "fields": {"toPost": 3, "fromUser": 2, "commentDateTime": "2023-08-22T16:06:56.841Z", "commentBody": "мечтают ли андроиды об электроовцах?", "commentRate": 1}}, {"model": "news.comment", "pk": 5, "fields": {"toPost": 3, "fromUser": 3, "commentDateTime": "2023-08-22T16:06:56.925Z", "commentBody": "почитайте Филипа Киндреда Дика", "commentRate": -1}}]